"Periodo(MMM DD, AAAA)";"Tasa de Depósitos a Término Fijo (DTF) a 90 días, semanal";"Tasa de Certificado de Depósito a Término (CDT) a 180 días, semanal";"Tasa de Certificado de Depósito a Término (CDT) a 360 días, semanal"
"1984/01/20";36,45;;
"1984/01/27";36,21;;
"1984/02/03";35,95;;
"1984/02/10";35,84;;
"1984/02/17";35,9;;
"1984/02/24";35,8;;
"1984/03/02";35,57;;
"1984/03/09";35,45;;
"1984/03/16";35,4;;
"1984/03/23";35,16;;
"1984/03/30";35,13;;
"1984/04/06";35,52;;
"1984/04/13";35,54;;
"1984/04/20";35,3;;
"1984/04/27";35,45;;
"1984/05/04";35,58;;
"1984/05/11";35,26;;
"1984/05/18";35,67;;
"1984/05/25";35,42;;
"1984/06/01";35,62;;
"1984/06/08";35,86;;
"1984/06/15";35,48;;
"1984/06/22";35,57;;
"1984/06/29";35,68;;
"1984/07/06";35,77;;
"1984/07/13";35,99;;
"1984/07/20";35,92;;
"1984/07/27";35,9;;
"1984/08/03";36,05;;
"1984/08/10";36,02;;
"1984/08/17";36,43;;
"1984/08/24";36,15;;
"1984/08/31";35,98;;
"1984/09/07";36,08;;
"1984/09/14";35,96;;
"1984/09/21";36,27;;
"1984/09/28";35,68;;
"1984/10/05";36,49;;
"1984/10/12";36,21;;
"1984/10/19";35,76;;
"1984/10/26";36,14;;
"1984/11/02";35,98;;
"1984/11/09";35,86;;
"1984/11/16";35,96;;
"1984/11/23";35,89;;
"1984/11/30";36,15;;
"1984/12/07";36,14;;
"1984/12/14";36,34;;
"1984/12/21";36,01;;
"1984/12/28";36,12;;
"1985/01/04";36,26;;
"1985/01/11";36,62;;
"1985/01/18";36,43;;
"1985/01/25";36,34;;
"1985/02/01";36,31;;
"1985/02/08";35,98;;
"1985/02/15";35,87;;
"1985/02/22";36,01;;
"1985/03/01";35,96;;
"1985/03/08";35,67;;
"1985/03/15";36,03;;
"1985/03/22";35,73;;
"1985/03/29";35,8;;
"1985/04/05";35,83;;
"1985/04/12";36,18;;
"1985/04/19";35,52;;
"1985/04/26";35,73;;
"1985/05/03";35,86;;
"1985/05/10";35,81;;
"1985/05/17";35,9;;
"1985/05/24";36,01;;
"1985/05/31";36,23;;
"1985/06/07";36,42;;
"1985/06/14";36,51;;
"1985/06/21";36,2;;
"1985/06/28";36,24;;
"1985/07/05";36,45;;
"1985/07/12";36,86;;
"1985/07/19";36,12;;
"1985/07/26";36,28;;
"1985/08/02";36,33;;
"1985/08/09";36,24;;
"1985/08/16";36,68;;
"1985/08/23";36,27;;
"1985/08/30";36,31;;
"1985/09/06";36,11;;
"1985/09/13";36,62;;
"1985/09/20";36,4;;
"1985/09/27";36,26;;
"1985/10/04";36,61;;
"1985/10/11";36,77;;
"1985/10/18";36,82;;
"1985/10/25";36,37;;
"1985/11/01";36,65;;
"1985/11/08";36,71;;
"1985/11/15";36,86;;
"1985/11/22";35,89;;
"1985/11/29";36,49;;
"1985/12/06";36,43;;
"1985/12/13";36,46;;
"1985/12/20";36,62;;
"1985/12/27";36,49;;
"1986/01/03";36,31;;
"1986/01/10";36,61;;
"1986/01/17";35,99;;
"1986/01/24";36,3;;
"1986/01/31";36,36;;
"1986/02/07";34,95;;
"1986/02/14";31,32;;
"1986/02/21";30,72;;
"1986/02/28";30,68;;
"1986/03/07";30,62;;
"1986/03/14";30,61;;
"1986/03/21";30,61;;
"1986/03/28";30,58;;
"1986/04/04";30,3;;
"1986/04/11";30,54;;
"1986/04/18";30,56;;
"1986/04/25";30,49;;
"1986/05/02";30,52;;
"1986/05/09";30,33;;
"1986/05/16";30,49;;
"1986/05/23";30,55;;
"1986/05/30";30,59;;
"1986/06/06";30,49;;
"1986/06/13";30,7;;
"1986/06/20";30,76;;
"1986/06/27";30,61;;
"1986/07/04";30,65;;
"1986/07/11";30,68;;
"1986/07/18";30,89;;
"1986/07/25";31,59;;
"1986/08/01";31,86;;
"1986/08/08";31,79;;
"1986/08/15";31,77;;
"1986/08/22";31,55;;
"1986/08/29";31,49;;
"1986/09/05";31,39;;
"1986/09/12";31,83;;
"1986/09/19";31,52;;
"1986/09/26";31,39;;
"1986/10/03";31,19;;
"1986/10/10";31,22;;
"1986/10/17";31,29;;
"1986/10/24";31,39;;
"1986/10/31";31,5;;
"1986/11/07";31,77;;
"1986/11/14";32,03;;
"1986/11/21";32,25;;
"1986/11/28";32,54;;
"1986/12/05";32,52;;
"1986/12/12";33,15;;
"1986/12/19";33,52;;
"1986/12/26";33,32;;
"1987/01/02";33,42;;
"1987/01/09";33,28;;
"1987/01/16";32,75;;
"1987/01/23";32,82;;
"1987/01/30";32,03;;
"1987/02/06";31,6;;
"1987/02/13";31,38;;
"1987/02/20";30,66;;
"1987/02/27";30,52;;
"1987/03/06";30,59;;
"1987/03/13";30,59;;
"1987/03/20";30,56;;
"1987/03/27";30,31;;
"1987/04/03";30,51;;
"1987/04/10";30,4;;
"1987/04/17";30,87;;
"1987/04/24";30,62;;
"1987/05/01";30,75;;
"1987/05/08";30,87;;
"1987/05/15";30,89;;
"1987/05/22";30,91;;
"1987/05/29";30,97;;
"1987/06/05";30,82;;
"1987/06/12";30,83;;
"1987/06/19";30,52;;
"1987/06/26";30,58;;
"1987/07/03";30,56;;
"1987/07/10";30,72;;
"1987/07/17";30,86;;
"1987/07/24";30,75;;
"1987/07/31";30,87;;
"1987/08/07";31,07;;
"1987/08/14";31,24;;
"1987/08/21";31,31;;
"1987/08/28";31,19;;
"1987/09/04";31,08;;
"1987/09/11";31;;
"1987/09/18";30,96;;
"1987/09/25";31,19;;
"1987/10/02";31,08;;
"1987/10/09";31,21;;
"1987/10/16";31,31;;
"1987/10/23";31,48;;
"1987/10/30";31,46;;
"1987/11/06";31,83;;
"1987/11/13";32,52;;
"1987/11/20";32,99;;
"1987/11/27";33,32;;
"1987/12/04";33,25;;
"1987/12/11";34,1;;
"1987/12/18";34,45;;
"1987/12/25";34,33;;
"1988/01/01";35,14;;
"1988/01/08";34,59;;
"1988/01/15";33,97;;
"1988/01/22";33,35;;
"1988/01/29";32,69;;
"1988/02/05";32,78;;
"1988/02/12";33,16;;
"1988/02/19";33,47;;
"1988/02/26";33,35;;
"1988/03/04";33,54;;
"1988/03/11";33,69;;
"1988/03/18";34,08;;
"1988/03/25";34,37;;
"1988/04/01";35,11;;
"1988/04/08";35,4;;
"1988/04/15";35,58;;
"1988/04/22";36,54;;
"1988/04/29";36,34;;
"1988/05/06";36,58;;
"1988/05/13";36,4;;
"1988/05/20";36,7;;
"1988/05/27";36,61;;
"1988/06/03";36,48;;
"1988/06/10";36,45;;
"1988/06/17";36,18;;
"1988/06/24";36,42;;
"1988/07/01";36,51;;
"1988/07/08";36,82;;
"1988/07/15";34,82;;
"1988/07/22";35,42;;
"1988/07/29";34,78;;
"1988/08/05";35,05;;
"1988/08/12";35,32;;
"1988/08/19";35,57;;
"1988/08/26";35,27;;
"1988/09/02";34,18;;
"1988/09/09";35,81;;
"1988/09/16";35,71;;
"1988/09/23";32,03;;
"1988/09/30";32,27;;
"1988/10/07";32,37;;
"1988/10/14";32,22;;
"1988/10/21";32,1;;
"1988/10/28";32,04;;
"1988/11/04";30,91;;
"1988/11/11";32,15;;
"1988/11/18";32,22;;
"1988/11/25";32,22;;
"1988/12/02";32,28;;
"1988/12/09";32,37;;
"1988/12/16";32,05;;
"1988/12/23";32,13;;
"1988/12/30";32,07;;
"1989/01/06";32,47;;
"1989/01/13";32,27;;
"1989/01/20";32,37;;
"1989/01/27";32,14;;
"1989/02/03";32,15;;
"1989/02/10";32,3;;
"1989/02/17";32,72;;
"1989/02/24";32,64;;
"1989/03/03";33,06;;
"1989/03/10";32,94;;
"1989/03/17";33,22;;
"1989/03/24";33,19;;
"1989/03/31";33,01;;
"1989/04/07";33,08;;
"1989/04/14";33,09;;
"1989/04/21";33,69;;
"1989/04/28";33,45;;
"1989/05/05";33,58;;
"1989/05/12";33,73;;
"1989/05/19";34,02;;
"1989/05/26";33,85;;
"1989/06/02";33,81;;
"1989/06/09";33,91;;
"1989/06/16";33,21;;
"1989/06/23";34,05;;
"1989/06/30";33,76;;
"1989/07/07";33,76;;
"1989/07/14";33,78;;
"1989/07/21";34,09;;
"1989/07/28";33,71;;
"1989/08/04";33,7;;
"1989/08/11";34,07;;
"1989/08/18";34,14;;
"1989/08/25";34,1;;
"1989/09/01";34,07;;
"1989/09/08";33,93;;
"1989/09/15";33,88;;
"1989/09/22";33,86;;
"1989/09/29";33,35;;
"1989/10/06";33,47;;
"1989/10/13";33,9;;
"1989/10/20";33,49;;
"1989/10/27";33,79;;
"1989/11/03";33,71;;
"1989/11/10";33,92;;
"1989/11/17";34,92;;
"1989/11/24";34,45;;
"1989/12/01";34,72;;
"1989/12/08";34,62;;
"1989/12/15";34,71;;
"1989/12/22";34,55;;
"1989/12/29";34,57;;
"1990/01/05";34,87;;
"1990/01/12";35,47;;
"1990/01/19";35,11;;
"1990/01/26";34,86;;
"1990/02/02";34,43;;
"1990/02/09";34,11;;
"1990/02/16";34,07;;
"1990/02/23";34,07;;
"1990/03/02";34,16;;
"1990/03/09";34,06;;
"1990/03/16";34,29;;
"1990/03/23";34,22;;
"1990/03/30";34,12;;
"1990/04/06";34,73;;
"1990/04/13";34,84;;
"1990/04/20";35,41;;
"1990/04/27";35,86;;
"1990/05/04";35,49;;
"1990/05/11";35,85;;
"1990/05/18";35,72;;
"1990/05/25";35,48;;
"1990/06/01";35,43;;
"1990/06/08";36,11;;
"1990/06/15";35,96;;
"1990/06/22";35,82;;
"1990/06/29";35,95;;
"1990/07/06";36,12;;
"1990/07/13";36,41;;
"1990/07/20";36,8;;
"1990/07/27";37,05;;
"1990/08/03";36,98;;
"1990/08/10";37,96;;
"1990/08/17";38,28;;
"1990/08/24";37,32;;
"1990/08/31";36,79;;
"1990/09/07";37,08;;
"1990/09/14";36,89;;
"1990/09/21";37,45;;
"1990/09/28";36,96;;
"1990/10/05";37,39;;
"1990/10/12";37,8;;
"1990/10/19";38,1;;
"1990/10/26";37,66;;
"1990/11/02";37,98;;
"1990/11/09";37,92;;
"1990/11/16";38,19;;
"1990/11/23";38,34;;
"1990/11/30";37,44;;
"1990/12/07";37,22;;
"1990/12/14";37,45;;
"1990/12/21";37,8;;
"1990/12/28";38,13;;
"1991/01/04";38,05;;
"1991/01/11";38,89;;
"1991/01/18";38,64;;
"1991/01/25";38,58;;
"1991/02/01";37,14;;
"1991/02/08";33,85;;
"1991/02/15";33,42;;
"1991/02/22";35,22;;
"1991/03/01";35,03;;
"1991/03/08";35,11;;
"1991/03/15";34,5;;
"1991/03/22";34,94;;
"1991/03/29";35,79;;
"1991/04/05";37,05;;
"1991/04/12";37,86;;
"1991/04/19";37,07;;
"1991/04/26";37,66;;
"1991/05/03";37,98;;
"1991/05/10";38,16;;
"1991/05/17";38,29;;
"1991/05/24";37,66;;
"1991/05/31";36,96;;
"1991/06/07";36,89;;
"1991/06/14";35,81;;
"1991/06/21";35,61;;
"1991/06/28";35,11;;
"1991/07/05";36,55;;
"1991/07/12";37,05;;
"1991/07/19";37,56;;
"1991/07/26";37,28;;
"1991/08/02";37,51;;
"1991/08/09";37,25;;
"1991/08/16";37,96;;
"1991/08/23";37,89;;
"1991/08/30";37,96;;
"1991/09/06";38,1;;
"1991/09/13";38,43;;
"1991/09/20";39,16;;
"1991/09/27";39,42;;
"1991/10/04";39,12;;
"1991/10/11";39,6;;
"1991/10/18";38,92;;
"1991/10/25";38,29;;
"1991/11/01";38,16;;
"1991/11/08";37,87;;
"1991/11/15";38,02;;
"1991/11/22";37,87;;
"1991/11/29";37,63;;
"1991/12/06";37,93;;
"1991/12/13";38,23;;
"1991/12/20";38,07;;
"1991/12/27";37,86;;
"1992/01/03";36,99;;
"1992/01/10";36,58;;
"1992/01/17";36,56;;
"1992/01/24";35,98;;
"1992/01/31";34,27;;
"1992/02/07";31,25;;
"1992/02/14";29,9;;
"1992/02/21";28,75;;
"1992/02/28";28,25;;
"1992/03/06";28,9;;
"1992/03/13";28,86;;
"1992/03/20";28,56;;
"1992/03/27";28,19;;
"1992/04/03";28,4;;
"1992/04/10";27,92;;
"1992/04/17";27,69;;
"1992/04/24";27,12;;
"1992/05/01";26,3;;
"1992/05/08";26,65;;
"1992/05/15";25,93;;
"1992/05/22";25,1;;
"1992/05/29";24,18;;
"1992/06/05";23,94;;
"1992/06/12";23,5;;
"1992/06/19";23,03;;
"1992/06/26";23,05;;
"1992/07/03";22,64;;
"1992/07/10";22,25;;
"1992/07/17";21,85;;
"1992/07/24";21,83;;
"1992/07/31";21,52;;
"1992/08/07";21,98;;
"1992/08/14";22,31;;
"1992/08/21";23,07;;
"1992/08/28";24,32;;
"1992/09/04";26,03;;
"1992/09/11";27,36;;
"1992/09/18";27,67;;
"1992/09/25";27,09;;
"1992/10/02";27,16;;
"1992/10/09";27,4;;
"1992/10/16";27,2;;
"1992/10/23";27,73;;
"1992/10/30";28,14;;
"1992/11/06";27,36;;
"1992/11/13";27,24;;
"1992/11/20";26,94;;
"1992/11/27";26,92;;
"1992/12/04";26,73;;
"1992/12/11";26,97;;
"1992/12/18";27,04;;
"1992/12/25";27,12;;
"1993/01/01";27,67;;
"1993/01/08";27,67;;
"1993/01/15";27,54;;
"1993/01/22";26,86;;
"1993/01/29";26,18;;
"1993/02/05";25,95;;
"1993/02/12";25,74;;
"1993/02/19";25,85;;
"1993/02/26";26,29;;
"1993/03/05";26,45;;
"1993/03/12";26,49;;
"1993/03/19";26,58;;
"1993/03/26";26,84;;
"1993/04/02";26,9;;
"1993/04/09";27,04;;
"1993/04/16";26,9;;
"1993/04/23";26,82;;
"1993/04/30";26,96;;
"1993/05/07";26,58;;
"1993/05/14";26,39;;
"1993/05/21";26,45;;
"1993/05/28";26,42;;
"1993/06/04";26,14;;
"1993/06/11";26,21;;
"1993/06/18";26,58;;
"1993/06/25";26,74;;
"1993/07/02";26,47;;
"1993/07/09";26,41;;
"1993/07/16";25,99;26,49;26,8
"1993/07/23";25,77;26,45;27,18
"1993/07/30";25,95;26,18;27,34
"1993/08/06";25,37;26,29;26,54
"1993/08/13";24,22;25,61;26,49
"1993/08/20";24,6;25,23;26,43
"1993/08/27";24,53;25,15;25,88
"1993/09/03";24,34;25,04;25,18
"1993/09/10";24,28;24,86;25,53
"1993/09/17";24,27;25,11;25,62
"1993/09/24";24,25;24,92;26,19
"1993/10/01";24,32;24,84;25,41
"1993/10/08";24,48;25;26,09
"1993/10/15";24,63;25,28;26,5
"1993/10/22";24,55;25,29;26,31
"1993/10/29";25,09;25,38;26,25
"1993/11/05";25,01;25,36;26,27
"1993/11/12";24,97;25,78;26,6
"1993/11/19";25,27;25,98;26,5
"1993/11/26";25,33;26,41;27,34
"1993/12/03";25,69;26,18;27,1
"1993/12/10";25,59;26,17;26,8
"1993/12/17";25,63;26,49;27,38
"1993/12/24";25,88;26,66;27,19
"1993/12/31";26,67;27,7;27,67
"1994/01/07";26,9;27,11;28,63
"1994/01/14";27,16;27,24;25,77
"1994/01/21";26,68;27,12;27,47
"1994/01/28";25,76;26,64;26,85
"1994/02/04";25,37;26,16;26,87
"1994/02/11";25,26;26,14;26,43
"1994/02/18";25,22;25,86;26,29
"1994/02/25";25,25;25,97;26,86
"1994/03/04";25,23;25,92;26,84
"1994/03/11";25,32;25,96;26,89
"1994/03/18";25,4;25,96;26,21
"1994/03/25";25,48;26,03;26,83
"1994/04/01";25,37;26,02;26,68
"1994/04/08";25,25;25,62;26,46
"1994/04/15";25,1;25,48;26,8
"1994/04/22";25,33;25,88;26,05
"1994/04/29";25,29;25,43;25,96
"1994/05/06";25,2;25,74;26,49
"1994/05/13";25,45;25,94;26,94
"1994/05/20";26,28;26,55;27,33
"1994/05/27";26,45;26,65;27,5
"1994/06/03";26,22;26,43;27,47
"1994/06/10";25,65;26,47;27,51
"1994/06/17";26,17;26,5;27,91
"1994/06/24";26,59;26,78;27,59
"1994/07/01";27,74;27,97;29,3
"1994/07/08";29,02;29,02;32,25
"1994/07/15";30,83;29,44;32,18
"1994/07/22";29,92;28,84;32,52
"1994/07/29";29,22;29,18;28,76
"1994/08/05";28,48;28,34;29,79
"1994/08/12";28,84;29,21;28,98
"1994/08/19";29,32;28,73;31,6
"1994/08/26";29,98;29,95;31,93
"1994/09/02";31,13;30,57;33,06
"1994/09/09";31,78;31,39;31,73
"1994/09/16";31,1;31,41;32,2
"1994/09/23";31,13;31,38;33,82
"1994/09/30";30,69;31,4;30,56
"1994/10/07";30,97;31,2;31,52
"1994/10/14";30,55;31,91;32
"1994/10/21";31,03;32,54;32,75
"1994/10/28";32,62;32,07;35,48
"1994/11/04";32,4;32,97;35,57
"1994/11/11";33,9;35,64;36,65
"1994/11/18";34,56;36,85;37,08
"1994/11/25";34,78;35,95;36,45
"1994/12/02";35,62;37,86;36,61
"1994/12/09";37,32;37,48;36,98
"1994/12/16";35,99;38,03;35,77
"1994/12/23";37,77;38,94;36,46
"1994/12/30";38,66;40,25;36,34
"1995/01/06";38,06;40;35,78
"1995/01/13";36,94;35,85;31,24
"1995/01/20";33,03;34,03;31,03
"1995/01/27";32,39;33,06;32,31
"1995/02/03";31,92;32,36;32,58
"1995/02/10";31,88;32,55;32,53
"1995/02/17";32,53;33,28;30,74
"1995/02/24";33,76;33,96;34,56
"1995/03/03";35,34;35,07;36,61
"1995/03/10";35,24;35,37;34,38
"1995/03/17";35,4;35,16;32,68
"1995/03/24";36,25;35,87;35,68
"1995/03/31";35,38;35,23;34,87
"1995/04/07";34,8;34,82;34,93
"1995/04/14";34,26;34,51;34,01
"1995/04/21";34,47;33,94;32,41
"1995/04/28";35,55;35,19;33,33
"1995/05/05";36,25;36,05;32,86
"1995/05/12";35,95;35,65;33,15
"1995/05/19";34,97;35,48;32,85
"1995/05/26";34,76;35,15;33,44
"1995/06/02";34,75;34,21;35,77
"1995/06/09";34,55;35,44;34,19
"1995/06/16";34,81;35,16;35,6
"1995/06/23";34,58;35;35,27
"1995/06/30";34,23;34,82;34,95
"1995/07/07";31,95;32,49;32,41
"1995/07/14";30,59;30,49;31,86
"1995/07/21";30,2;30,61;31,28
"1995/07/28";30,3;30,16;29,88
"1995/08/04";29,78;29,9;30,16
"1995/08/11";29,63;29,96;29,3
"1995/08/18";29,34;30,23;29,5
"1995/08/25";29,01;30,61;30,84
"1995/09/01";28,68;29,79;29,62
"1995/09/08";28,92;30,31;29,65
"1995/09/15";30,09;31,28;31,06
"1995/09/22";30,43;31,82;32,19
"1995/09/29";29,96;32,82;33,24
"1995/10/06";29,65;32,72;32,9
"1995/10/13";30,13;31,63;32,93
"1995/10/20";29,47;31,53;32,39
"1995/10/27";28,98;30,78;30,65
"1995/11/03";29,12;30,89;32,1
"1995/11/10";29,22;30,77;32,16
"1995/11/17";29,35;30,91;30,58
"1995/11/24";29,39;31,29;32,26
"1995/12/01";29,8;31,57;31,61
"1995/12/08";30,12;31,5;31,31
"1995/12/15";32,13;33,36;34
"1995/12/22";34,43;35,37;35,33
"1995/12/29";33,13;33,39;34,01
"1996/01/05";33,5;33,68;33,11
"1996/01/12";33,49;33,27;33,92
"1996/01/19";33,22;32,75;32,09
"1996/01/26";32,27;32,99;33,01
"1996/02/02";31,9;32,56;32,72
"1996/02/09";31,8;32,52;31,5
"1996/02/16";33,07;34,22;34,24
"1996/02/23";32,99;34,13;33,66
"1996/03/01";33,34;34,08;33,5
"1996/03/08";32,95;33,49;31,15
"1996/03/15";33,19;33,29;33,64
"1996/03/22";33,64;34,17;34,14
"1996/03/29";33,48;33,82;34,03
"1996/04/05";33,57;33,93;33,19
"1996/04/12";33,74;33,43;33,4
"1996/04/19";33,68;34,12;34,08
"1996/04/26";33,67;34,22;34,35
"1996/05/03";33,5;34,01;34,78
"1996/05/10";33,18;33,79;34,19
"1996/05/17";32,63;33,48;33,59
"1996/05/24";32,03;32,87;32,71
"1996/05/31";31,53;32,31;32,6
"1996/06/07";31,09;31,83;32,39
"1996/06/14";31,39;31,74;32,99
"1996/06/21";32;32,59;32,77
"1996/06/28";32,35;31,24;31,25
"1996/07/05";32,71;32,31;33,09
"1996/07/12";32,39;33,19;32,62
"1996/07/19";32,48;32,16;32,47
"1996/07/26";32,48;32,31;32,51
"1996/08/02";32,5;32,46;32,98
"1996/08/09";32,19;32,5;32,81
"1996/08/16";31,74;32,33;32,08
"1996/08/23";30,8;32,08;31,91
"1996/08/30";29,59;31,58;32,51
"1996/09/06";29,41;31,65;31,47
"1996/09/13";28,98;31,6;31,47
"1996/09/20";28,3;31,32;31,32
"1996/09/27";28,36;31,07;31,21
"1996/10/04";28,02;30,64;31,93
"1996/10/11";28,63;30,64;30,6
"1996/10/18";28,96;30,49;30,16
"1996/10/25";28,79;30,41;30,36
"1996/11/01";28,57;30,35;32,06
"1996/11/08";28,61;30;32,05
"1996/11/15";28,55;30,33;31,08
"1996/11/22";28,56;29,85;30,94
"1996/11/29";28,46;30,28;31,14
"1996/12/06";28,6;30,23;31,23
"1996/12/13";28,35;29,88;30,33
"1996/12/20";28,17;29,68;30,4
"1996/12/27";27,99;29,38;30,24
"1997/01/03";27,88;29,31;30,04
"1997/01/10";27,52;27,98;29,09
"1997/01/17";27,22;28,54;29,07
"1997/01/24";26,92;27,76;28,33
"1997/01/31";26,13;27,32;29,77
"1997/02/07";25,78;26,7;26,94
"1997/02/14";25,53;26,2;26,33
"1997/02/21";25,42;26,16;26,75
"1997/02/28";25,25;26,05;26,91
"1997/03/07";25,48;26,21;26,92
"1997/03/14";25,66;26,21;27,19
"1997/03/21";25,53;26,2;25,62
"1997/03/28";25,44;25,99;26,36
"1997/04/04";25,1;25,71;25,78
"1997/04/11";25,21;25,81;25,6
"1997/04/18";24,94;25,53;27,42
"1997/04/25";24,68;25,5;25,62
"1997/05/02";24,51;25,42;25,17
"1997/05/09";24,33;25,13;25,4
"1997/05/16";24,03;24,73;24,92
"1997/05/23";23,6;24,09;25,17
"1997/05/30";23,45;23,96;24,8
"1997/06/06";23,28;24,16;23,66
"1997/06/13";23,27;23,79;24,5
"1997/06/20";23,31;23,84;24,24
"1997/06/27";23,1;23,91;24,18
"1997/07/04";23,21;23,85;24,38
"1997/07/11";23,3;23,74;24,52
"1997/07/18";23,36;23,61;24,81
"1997/07/25";23,21;23,74;24,54
"1997/08/01";23,08;23,78;24,72
"1997/08/08";22,96;23,52;23,87
"1997/08/15";22,97;23,48;24,22
"1997/08/22";22,89;23,43;24
"1997/08/29";23,01;23,46;24,03
"1997/09/05";23,07;23,45;25,13
"1997/09/12";22,94;23,59;25,12
"1997/09/19";22,84;23,73;23,93
"1997/09/26";22,83;23,63;24,15
"1997/10/03";22,87;23,72;23,74
"1997/10/10";22,87;23,62;23,85
"1997/10/17";22,9;23,62;23,74
"1997/10/24";22,95;23,79;24,25
"1997/10/31";23,35;23,8;23,88
"1997/11/07";23,54;24,08;24,06
"1997/11/14";24,02;24,2;24,18
"1997/11/21";23,93;24,17;24,72
"1997/11/28";24,01;24,38;25,45
"1997/12/05";24,09;24,62;25,29
"1997/12/12";24,12;24,56;25,3
"1997/12/19";24,46;24,87;25,51
"1997/12/26";24,39;24,95;25,66
"1998/01/02";24,28;24,93;25,47
"1998/01/09";24,32;25,01;25,09
"1998/01/16";24,35;24,84;25,47
"1998/01/23";24,73;24,93;24,61
"1998/01/30";24,57;25,07;25,45
"1998/02/06";24,66;25,09;25,52
"1998/02/13";24,58;25,02;24,8
"1998/02/20";24,79;25,49;24,95
"1998/02/27";25,22;25,38;25,46
"1998/03/06";25,45;26,2;25,59
"1998/03/13";27,06;27,59;27,35
"1998/03/20";27,76;26,92;27,8
"1998/03/27";28,3;28,12;27,93
"1998/04/03";28,81;28,6;28,12
"1998/04/10";29,39;28,94;28,97
"1998/04/17";29,13;29,3;28,67
"1998/04/24";30,88;30,08;29,22
"1998/05/01";31,12;30,16;29,79
"1998/05/08";31,03;30,79;31,53
"1998/05/15";31,73;31,57;32,37
"1998/05/22";31,35;30,54;32,84
"1998/05/29";31,93;31,47;30,91
"1998/06/05";31,62;31,85;30,84
"1998/06/12";33,78;31,66;31,59
"1998/06/19";36,68;34,79;33,09
"1998/06/26";37,31;34,37;34,94
"1998/07/03";37,57;35,17;33,9
"1998/07/10";36,53;33,64;34,91
"1998/07/17";37;34,91;35,94
"1998/07/24";36,92;36,34;36,69
"1998/07/31";36,11;36,12;35,66
"1998/08/07";35,65;35,52;34,75
"1998/08/14";35,14;34,55;33,59
"1998/08/21";34,33;34,35;33,48
"1998/08/28";33,91;34,54;35,38
"1998/09/04";33,64;33,52;34,29
"1998/09/11";33,69;34,28;33,03
"1998/09/18";34,67;34,38;33,12
"1998/09/25";36,93;36,49;33,51
"1998/10/02";35,98;37,65;34,72
"1998/10/09";35,13;35,98;34,14
"1998/10/16";35,78;36,23;35,12
"1998/10/23";36,76;36,82;34,06
"1998/10/30";36,19;37,44;33,55
"1998/11/06";37,09;36,41;33,95
"1998/11/13";37,17;37,99;34,18
"1998/11/20";36,2;35,95;32,82
"1998/11/27";36,56;37;32,88
"1998/12/04";36,3;37,21;36,56
"1998/12/11";36,14;36,87;36,48
"1998/12/18";35,96;36,23;33,67
"1998/12/25";35,56;36,19;35,58
"1999/01/01";34,33;35,34;34,79
"1999/01/08";34,06;32,8;34,2
"1999/01/15";33,77;33,54;33,37
"1999/01/22";33,5;32,73;32,16
"1999/01/29";33,22;32,67;31,98
"1999/02/05";32,61;33,04;32,2
"1999/02/12";31,96;32,08;31,81
"1999/02/19";30,98;31,6;30,72
"1999/02/26";30,14;31,16;30
"1999/03/05";28,81;29,98;29,68
"1999/03/12";27,04;27,94;29,18
"1999/03/19";25,17;26,98;27,21
"1999/03/26";24,9;25,79;26,44
"1999/04/02";24,83;25,54;25,56
"1999/04/09";24,06;25,55;25,57
"1999/04/16";23,1;24,82;24,55
"1999/04/23";22,52;24,36;24,52
"1999/04/30";21,89;23,16;23,49
"1999/05/07";21,13;22,74;22,34
"1999/05/14";20,1;21,61;20,07
"1999/05/21";19,22;20,31;20,92
"1999/05/28";18,35;19,7;20,06
"1999/06/04";18,12;19,43;19,57
"1999/06/11";17,8;18,95;19,8
"1999/06/18";17,9;18,91;19,88
"1999/06/25";17,74;18,3;19,06
"1999/07/02";17,79;18,42;20,04
"1999/07/09";18,21;18,65;19,13
"1999/07/16";18,59;19,82;19,31
"1999/07/23";19,11;19,49;20,02
"1999/07/30";19,19;19,77;20,59
"1999/08/06";19,56;20,13;20,48
"1999/08/13";19,25;19,96;20,58
"1999/08/20";19,13;19,98;20,66
"1999/08/27";18,67;19,89;20,34
"1999/09/03";18,39;19,95;20,06
"1999/09/10";18,22;19,49;19,71
"1999/09/17";18,03;19,66;21,08
"1999/09/24";18,08;19,18;20,67
"1999/10/01";17,95;19,96;20,33
"1999/10/08";18,03;19,82;18,47
"1999/10/15";18,25;19,38;19,06
"1999/10/22";18,12;19,89;20,44
"1999/10/29";18,23;19,94;21,28
"1999/11/05";18,1;19,4;20,69
"1999/11/12";18,24;19,19;20,67
"1999/11/19";18,23;19,11;20,2
"1999/11/26";17,94;18,34;19,12
"1999/12/03";17,47;18,37;19,26
"1999/12/10";17,07;18,33;18,78
"1999/12/17";16,71;18,14;18,43
"1999/12/24";16,05;17,04;18,53
"1999/12/31";15,75;16,81;17,03
"2000/01/07";15,39;16,19;16,52
"2000/01/14";14,6;15,44;16,03
"2000/01/21";13,51;14,35;15,45
"2000/01/28";12,15;13,03;14,09
"2000/02/04";10,92;12,21;12,91
"2000/02/11";10,59;11,66;12,05
"2000/02/18";10;11,16;11,53
"2000/02/25";10,03;11,93;10,94
"2000/03/03";10,37;11,19;12,24
"2000/03/10";10,43;11,34;12,13
"2000/03/17";10,78;12,16;12,36
"2000/03/24";10,86;12,04;11,97
"2000/03/31";10,98;11,92;12,84
"2000/04/07";11,29;12,67;12,93
"2000/04/14";11,3;12,38;12,5
"2000/04/21";11,28;12,43;12,52
"2000/04/28";11,47;12,47;12,28
"2000/05/05";11,53;12,47;13,06
"2000/05/12";11,58;12,32;12,21
"2000/05/19";11,67;12,44;12,66
"2000/05/26";11,74;12,63;13,02
"2000/06/02";11,82;12,69;12,81
"2000/06/09";11,81;12,73;12,51
"2000/06/16";11,99;12,71;13,05
"2000/06/23";11,98;12,65;13,74
"2000/06/30";11,97;12,66;12,83
"2000/07/07";12,02;12,63;13,35
"2000/07/14";12,27;12,8;13,36
"2000/07/21";11,98;12,62;14,19
"2000/07/28";12,3;12,87;13,7
"2000/08/04";12,3;13,02;14,23
"2000/08/11";12,29;12,91;14
"2000/08/18";12,31;13,16;13,39
"2000/08/25";12,48;13,23;13,88
"2000/09/01";12,58;13,02;13,8
"2000/09/08";12,64;12,96;13,83
"2000/09/15";12,92;13,32;14,95
"2000/09/22";13,01;13,3;15,02
"2000/09/29";12,95;13,3;14,6
"2000/10/06";12,87;13,37;15,09
"2000/10/13";12,97;13,54;15,18
"2000/10/20";12,85;13,6;14,16
"2000/10/27";12,83;13,63;14,55
"2000/11/03";12,95;13,42;14,08
"2000/11/10";13,27;13,36;14,44
"2000/11/17";13;13,39;14,87
"2000/11/24";13;13,76;14,61
"2000/12/01";13,1;13,65;14,41
"2000/12/08";13,1;13,67;14,89
"2000/12/15";13,23;13,99;14,66
"2000/12/22";13,25;14,21;14,58
"2000/12/29";13,35;14,3;14,51
"2001/01/05";13,33;13,83;14,71
"2001/01/12";13,54;13,95;14,14
"2001/01/19";13,53;13,5;15,1
"2001/01/26";13,39;13,77;15,47
"2001/02/02";13,54;13,91;15,11
"2001/02/09";13,37;13,83;14,73
"2001/02/16";13,46;13,89;15,11
"2001/02/23";13,43;13,6;14,62
"2001/03/02";13,29;13,71;14,63
"2001/03/09";13,1;13,66;14,23
"2001/03/16";13,18;13,77;15,15
"2001/03/23";12,96;13,81;14,6
"2001/03/30";12,96;13,39;14,23
"2001/04/06";12,93;13,47;14,08
"2001/04/13";12,77;13,68;14,01
"2001/04/20";12,82;13,38;14,01
"2001/04/27";12,75;13,2;14
"2001/05/04";12,71;12,88;13,93
"2001/05/11";12,67;13,04;14,85
"2001/05/18";12,74;12,97;13,65
"2001/05/25";12,69;12,97;13,95
"2001/06/01";12,73;13,21;13,92
"2001/06/08";12,72;13,2;13,87
"2001/06/15";12,64;13,24;14,74
"2001/06/22";12,65;13,16;14,71
"2001/06/29";12,75;13,09;14,18
"2001/07/06";12,75;12,94;14,14
"2001/07/13";12,66;13;13,61
"2001/07/20";12,64;12,98;13,84
"2001/07/27";12,76;13,04;14,03
"2001/08/03";12,66;13,01;13,75
"2001/08/10";12,53;13,01;13,93
"2001/08/17";12,46;12,93;13,22
"2001/08/24";12,46;12,92;13,36
"2001/08/31";12,29;12,79;13,06
"2001/09/07";12,07;12,74;13,04
"2001/09/14";12,05;12,82;12,68
"2001/09/21";11,96;12,48;12,59
"2001/09/28";11,89;12,56;12,91
"2001/10/05";11,56;12,14;12,94
"2001/10/12";11,54;12,47;12,14
"2001/10/19";11,54;12,09;12,35
"2001/10/26";11,46;12,24;12,45
"2001/11/02";11,38;12,08;12,59
"2001/11/09";11,44;12,01;12,21
"2001/11/16";11,58;11,99;12,18
"2001/11/23";11,38;12,01;11,99
"2001/11/30";11,44;11,91;12,29
"2001/12/07";11,51;11,97;12,37
"2001/12/14";11,48;12;12,22
"2001/12/21";11,31;11,96;12,26
"2001/12/28";11,36;12,07;12,28
"2002/01/04";11,51;11,86;11,8
"2002/01/11";11,47;11,85;11,99
"2002/01/18";11,3;11,9;11,87
"2002/01/25";11,3;11,62;11,91
"2002/02/01";11,15;11,66;11,93
"2002/02/08";10,87;11,58;11,91
"2002/02/15";10,7;11,52;11,85
"2002/02/22";10,82;11,23;11,51
"2002/03/01";10,67;11,15;11,42
"2002/03/08";10,79;11,39;11,17
"2002/03/15";10,75;11,19;11,42
"2002/03/22";10,62;11,02;11,49
"2002/03/29";10,55;11,06;11,4
"2002/04/05";10,41;11,05;11,46
"2002/04/12";10,39;10,98;11,11
"2002/04/19";10,27;10,71;11,3
"2002/04/26";10,02;10,49;10,9
"2002/05/03";9,75;10,28;10,48
"2002/05/10";9,56;9,97;10,77
"2002/05/17";9,24;9,64;10,51
"2002/05/24";9,12;9,46;9,84
"2002/05/31";9,01;9,33;9,75
"2002/06/07";8,82;9,05;9,9
"2002/06/14";8,69;9,12;9,52
"2002/06/21";8,54;8,92;9,54
"2002/06/28";8,21;8,86;9,58
"2002/07/05";8,19;8,59;9,22
"2002/07/12";8,16;8,47;9,04
"2002/07/19";7,99;8,46;9,22
"2002/07/26";7,74;8,42;8,69
"2002/08/02";7,74;8,51;8,82
"2002/08/09";7,73;8,36;9,35
"2002/08/16";7,88;8,38;8,77
"2002/08/23";7,82;8,44;8,79
"2002/08/30";8;8,56;8,84
"2002/09/06";7,94;8,57;9,02
"2002/09/13";7,96;8,6;8,73
"2002/09/20";7,96;8,71;8,73
"2002/09/27";7,93;8,64;8,86
"2002/10/04";7,91;8,82;8,91
"2002/10/11";7,77;8,77;8,59
"2002/10/18";7,84;8,62;7,78
"2002/10/25";7,97;8,67;7,43
"2002/11/01";7,9;8,64;7,72
"2002/11/08";7,91;8,61;7,28
"2002/11/15";7,91;8,58;7,98
"2002/11/22";7,93;8,62;7,88
"2002/11/29";7,91;8,55;8,11
"2002/12/06";7,85;8,61;8,85
"2002/12/13";7,72;8,5;8,24
"2002/12/20";7,76;8,5;8,09
"2002/12/27";7,73;8,47;8,33
"2003/01/03";7,7;8,53;8,19
"2003/01/10";7,7;8,33;8,55
"2003/01/17";7,62;8,41;8,76
"2003/01/24";7,6;8,3;8,41
"2003/01/31";7,65;8,22;9,34
"2003/02/07";7,78;8,35;8,07
"2003/02/14";7,75;8,25;8,43
"2003/02/21";7,69;8,15;11,49
"2003/02/28";7,82;8,24;8,47
"2003/03/07";7,77;8,28;9,54
"2003/03/14";7,84;8,34;8,67
"2003/03/21";7,75;8,16;8,54
"2003/03/28";7,8;8,2;7,85
"2003/04/04";7,68;8,18;8,33
"2003/04/11";7,68;8,3;8,91
"2003/04/18";7,68;8,28;9,49
"2003/04/25";7,72;8,37;8,64
"2003/05/02";7,71;8,37;8,63
"2003/05/09";7,76;8,39;10,13
"2003/05/16";7,79;8,33;9,18
"2003/05/23";7,81;8,26;8,52
"2003/05/30";7,81;8,33;8,58
"2003/06/06";7,76;8,34;8,5
"2003/06/13";7,75;8,41;8,24
"2003/06/20";7,77;8,41;8,69
"2003/06/27";7,78;8,3;7,57
"2003/07/04";7,81;8,37;7,55
"2003/07/11";7,8;8,13;7,48
"2003/07/18";7,74;8,36;7,87
"2003/07/25";7,81;8,34;8,03
"2003/08/01";7,83;8,29;8,05
"2003/08/08";7,87;8,46;7,93
"2003/08/15";7,85;8,44;8,52
"2003/08/22";7,87;8,37;9,25
"2003/08/29";7,88;8,52;8,76
"2003/09/05";7,76;8,31;8,54
"2003/09/12";7,79;8,42;8,38
"2003/09/19";7,78;8,53;9,34
"2003/09/26";7,83;8,52;8,91
"2003/10/03";7,77;8,38;8,56
"2003/10/10";7,68;8,5;7,66
"2003/10/17";7,75;8,36;8,14
"2003/10/24";7,84;8,63;6,6
"2003/10/31";7,82;8,59;8,43
"2003/11/07";7,91;8,58;7,66
"2003/11/14";7,96;8,62;7,31
"2003/11/21";7,95;8,6;8,6
"2003/11/28";7,85;8,65;8,88
"2003/12/05";7,94;8,55;8,99
"2003/12/12";8,01;8,75;8,87
"2003/12/19";7,93;8,71;8,78
"2003/12/26";7,88;8,69;9,01
"2004/01/02";7,92;8,59;9,02
"2004/01/09";7,96;8,51;8,77
"2004/01/16";7,99;8,68;9,94
"2004/01/23";7,9;8,66;9,12
"2004/01/30";7,99;8,53;8,83
"2004/02/06";8,01;8,77;8,91
"2004/02/13";7,93;8,57;8,86
"2004/02/20";7,98;8,55;8,94
"2004/02/27";7,76;8,5;8,88
"2004/03/05";7,7;8,61;9
"2004/03/12";8,02;8,54;8,65
"2004/03/19";7,71;8,37;8,59
"2004/03/26";7,67;8,43;8,86
"2004/04/02";7,81;8,31;8,48
"2004/04/09";7,69;8,37;8,61
"2004/04/16";7,77;8,45;8,38
"2004/04/23";7,85;8,56;8,56
"2004/04/30";7,75;8,44;8,76
"2004/05/07";7,89;8,5;8,7
"2004/05/14";7,87;8,53;8,5
"2004/05/21";7,76;8,49;8,92
"2004/05/28";7,8;8,58;8,54
"2004/06/04";7,89;8,55;9,09
"2004/06/11";7,73;8,51;7,9
"2004/06/18";7,84;8,47;6,84
"2004/06/25";7,9;8,62;7,66
"2004/07/02";7,81;8,36;7,95
"2004/07/09";7,89;8,36;6,71
"2004/07/16";7,76;8,5;7,83
"2004/07/23";7,91;8,27;7,14
"2004/07/30";7,79;8,44;7,33
"2004/08/06";7,87;8,31;7,95
"2004/08/13";7,73;8,23;8,94
"2004/08/20";7,75;8,28;8,43
"2004/08/27";7,78;8,26;8,5
"2004/09/03";7,8;8,37;8,52
"2004/09/10";7,8;8,15;8,76
"2004/09/17";7,77;8,36;8,85
"2004/09/24";7,72;8,37;8,52
"2004/10/01";7,72;8,3;8,35
"2004/10/08";7,66;8,31;8,5
"2004/10/15";7,61;8,39;7,7
"2004/10/22";7,7;8,32;7,44
"2004/10/29";7,72;8,45;7,14
"2004/11/05";7,68;8,41;7,45
"2004/11/12";7,67;8,43;8,29
"2004/11/19";7,69;8,29;8,02
"2004/11/26";7,68;8,51;8,29
"2004/12/03";7,68;8,48;9,2
"2004/12/10";7,76;8,42;8,81
"2004/12/17";7,79;8,39;8,79
"2004/12/24";7,73;8,52;8,88
"2004/12/31";7,71;8,45;8,9
"2005/01/07";7,73;8,45;8,61
"2005/01/14";7,7;8,26;8,44
"2005/01/21";7,79;8,38;8,96
"2005/01/28";7,64;8,16;8,45
"2005/02/04";7,64;8,27;8,94
"2005/02/11";7,5;8,09;8,55
"2005/02/18";7,38;8;8,72
"2005/02/25";7,38;8,01;8,5
"2005/03/04";7,42;7,95;8,69
"2005/03/11";7,37;7,93;8,52
"2005/03/18";7,34;7,98;8,32
"2005/03/25";7,36;7,94;7,94
"2005/04/01";7,44;8,01;8,01
"2005/04/08";7,29;7,96;8,09
"2005/04/15";7,32;7,91;7,93
"2005/04/22";7,25;7,86;7,89
"2005/04/29";7,26;7,81;8,3
"2005/05/06";7,32;7,77;7,83
"2005/05/13";7,28;7,81;7,99
"2005/05/20";7,17;7,87;8,08
"2005/05/27";7,17;7,76;8,17
"2005/06/03";7,12;7,75;8
"2005/06/10";7,18;7,67;8
"2005/06/17";7,21;7,69;6,88
"2005/06/24";7,21;7,79;6,72
"2005/07/01";7,18;7,73;7,19
"2005/07/08";7,11;7,64;7,24
"2005/07/15";7,07;7,59;7,77
"2005/07/22";7,05;7,59;7,62
"2005/07/29";7,14;7,58;7,43
"2005/08/05";7,12;7,49;7,51
"2005/08/12";7,03;7,54;7,65
"2005/08/19";7,01;7,53;7,65
"2005/08/26";6,99;7,48;7,65
"2005/09/02";6,94;7,5;7,98
"2005/09/09";6,96;7,42;7,65
"2005/09/16";6,86;7,46;7,72
"2005/09/23";6,88;7,46;7,57
"2005/09/30";6,82;7,36;7,38
"2005/10/07";6,76;7,37;7,65
"2005/10/14";6,52;7,05;6,86
"2005/10/21";6,51;7,24;6,7
"2005/10/28";6,45;7,12;6,1
"2005/11/04";6,46;7,08;6,2
"2005/11/11";6,45;7,09;6,8
"2005/11/18";6,49;7,13;7,05
"2005/11/25";6,44;7,09;6,99
"2005/12/02";6,39;7,06;7,2
"2005/12/09";6,33;6,88;6,8
"2005/12/16";6,39;6,91;6,99
"2005/12/23";6,35;7,15;7,11
"2005/12/30";6,31;7,09;7,55
"2006/01/06";6,19;6,97;7,26
"2006/01/13";6,23;6,87;7,19
"2006/01/20";6,2;6,88;7,02
"2006/01/27";6,12;6,8;6,8
"2006/02/03";6,09;6,72;7,11
"2006/02/10";6,05;6,65;6,97
"2006/02/17";6,07;6,68;6,65
"2006/02/24";6,06;6,48;6,88
"2006/03/03";5,98;6,54;6,89
"2006/03/10";5,98;6,63;6,83
"2006/03/17";5,96;6,49;7,03
"2006/03/24";5,99;6,42;6,99
"2006/03/31";5,92;6,47;6,83
"2006/04/07";5,99;6,52;6,99
"2006/04/14";5,93;6,55;6,55
"2006/04/21";5,88;6,53;7
"2006/04/28";5,89;6,48;6,85
"2006/05/05";5,96;6,43;6,89
"2006/05/12";5,91;6,46;6,49
"2006/05/19";5,99;6,43;6,18
"2006/05/26";5,95;6,49;5,81
"2006/06/02";5,98;6,49;6,53
"2006/06/09";6,07;6,63;6,11
"2006/06/16";6,01;6,72;6,15
"2006/06/23";6,13;6,6;5,66
"2006/06/30";6,14;6,58;6,07
"2006/07/07";6,18;6,6;5,91
"2006/07/14";6,17;6,5;6,19
"2006/07/21";6,45;6,56;6,68
"2006/07/28";6,35;6,58;6,54
"2006/08/04";6,74;6,96;6,58
"2006/08/11";6,48;6,73;6,63
"2006/08/18";6,45;6,83;6,92
"2006/08/25";6,46;6,8;7,15
"2006/09/01";6,16;6,8;7,45
"2006/09/08";6,27;6,72;7,21
"2006/09/15";6,5;6,85;6,96
"2006/09/22";6,32;6,87;7,31
"2006/09/29";6,53;7,04;7,36
"2006/10/06";6,29;6,83;7,65
"2006/10/13";6,22;6,85;6,85
"2006/10/20";6,23;7;5,55
"2006/10/27";6,43;7;5,77
"2006/11/03";6,68;7,07;5,95
"2006/11/10";6,49;7,46;6,41
"2006/11/17";6,7;7,25;6,36
"2006/11/24";6,77;7,23;6,86
"2006/12/01";6,7;7;7,55
"2006/12/08";6,47;7,18;7,3
"2006/12/15";6,52;7,14;7,08
"2006/12/22";6,83;7,18;7,46
"2006/12/29";6,82;7,1;7,83
"2007/01/05";6,76;7,27;7,53
"2007/01/12";6,69;6,87;7,85
"2007/01/19";6,71;7,05;7,15
"2007/01/26";6,81;7,06;7,49
"2007/02/02";6,82;7,19;7,43
"2007/02/09";6,9;7,29;7,67
"2007/02/16";6,6;7,03;7,54
"2007/02/23";6,94;7,12;7,74
"2007/03/02";6,66;6,98;8,13
"2007/03/09";7,1;7,19;7,74
"2007/03/16";7,28;7,28;7,83
"2007/03/23";7,66;7,5;8,54
"2007/03/30";7,6;7,62;7,68
"2007/04/06";7,44;7,45;8,22
"2007/04/13";7,37;7,41;8,03
"2007/04/20";7,39;7,51;7,66
"2007/04/27";7,5;7,68;7,83
"2007/05/04";7,43;7,52;7,64
"2007/05/11";7,62;7,47;7,49
"2007/05/18";7,36;7,51;6,61
"2007/05/25";7,61;7,7;6,55
"2007/06/01";7,73;7,68;7,06
"2007/06/08";7,78;7,8;8,39
"2007/06/15";7,6;7,63;8,27
"2007/06/22";7,98;7,87;8,84
"2007/06/29";7,93;7,75;7,19
"2007/07/06";8,38;7,63;7,03
"2007/07/13";8,16;7,44;7,18
"2007/07/20";8,35;7,65;8,01
"2007/07/27";8,19;7,75;8,44
"2007/08/03";8,38;7,86;8,17
"2007/08/10";8,23;8,28;9,02
"2007/08/17";8,78;8,23;8,65
"2007/08/24";8,44;8,48;8,63
"2007/08/31";8,43;8,26;8,62
"2007/09/07";8,53;8,39;8,86
"2007/09/14";8,96;8,51;8,34
"2007/09/21";8,9;8,89;8,88
"2007/09/28";8,88;9,05;8,55
"2007/10/05";8,77;8,59;8,81
"2007/10/12";8,42;8,64;9,39
"2007/10/19";8,31;8,71;8,72
"2007/10/26";8,69;8,94;8,87
"2007/11/02";8,84;8,86;7,9
"2007/11/09";8,69;8,74;7,7
"2007/11/16";8,65;9,08;8,72
"2007/11/23";8,83;9,27;9,18
"2007/11/30";8,56;8,98;8,89
"2007/12/07";8,65;8,97;9,16
"2007/12/14";8,69;8,89;8,74
"2007/12/21";8,9;8,85;9,66
"2007/12/28";9,01;8,84;8,46
"2008/01/04";9,15;8,85;9,02
"2008/01/11";8,95;9,03;8,88
"2008/01/18";9,05;8,6;8,96
"2008/01/25";8,97;8,83;8,87
"2008/02/01";9,26;8,87;8,96
"2008/02/08";9,21;9,14;9,9
"2008/02/15";8,54;9,09;9,04
"2008/02/22";9,28;9,06;9,72
"2008/02/29";9,32;8,93;8,92
"2008/03/07";9,63;9,37;8,99
"2008/03/14";9,21;9,22;9,45
"2008/03/21";9,74;9,35;9,52
"2008/03/28";9,53;9,03;9,63
"2008/04/04";9,82;9,56;9,44
"2008/04/11";9,74;9,48;10,49
"2008/04/18";9,8;9,8;10,33
"2008/04/25";9,61;9,74;10,77
"2008/05/02";9,75;9,98;9,34
"2008/05/09";9,83;9,8;10,32
"2008/05/16";9,25;9,69;9,63
"2008/05/23";9,73;9,6;9,82
"2008/05/30";9,49;9,6;9,14
"2008/06/06";9,81;9,45;8,68
"2008/06/13";9,21;9,82;8,64
"2008/06/20";9,8;10,1;9,68
"2008/06/27";9,92;9,87;8,51
"2008/07/04";9,8;9,42;9,24
"2008/07/11";9,25;9,07;8,36
"2008/07/18";9,65;9,39;9,22
"2008/07/25";9,63;9,38;9,84
"2008/08/01";9,61;9,67;9,41
"2008/08/08";9,73;10,04;9,14
"2008/08/15";9,89;9,87;9,94
"2008/08/22";9,81;9,82;10,22
"2008/08/29";9,89;9,69;10,56
"2008/09/05";10,21;9,77;10,76
"2008/09/12";9,87;9,96;10,48
"2008/09/19";10,1;10,28;10,24
"2008/09/26";10,05;10,08;10,78
"2008/10/03";9,61;10,13;10,82
"2008/10/10";9,32;10,3;10
"2008/10/17";9,85;10,02;9,38
"2008/10/24";10,03;9,88;9,11
"2008/10/31";10,2;10,54;9,93
"2008/11/07";10,07;10,1;10,35
"2008/11/14";10,16;10,3;9,9
"2008/11/21";10,02;10,13;10,25
"2008/11/28";9,96;10,39;10,34
"2008/12/05";10,27;9,96;10,64
"2008/12/12";10,2;10,35;11,11
"2008/12/19";10,19;10,54;11,26
"2008/12/26";10,33;10,58;10,92
"2009/01/02";9,82;10,09;10,92
"2009/01/09";9,73;10,16;10,65
"2009/01/16";9,73;10,02;10,33
"2009/01/23";9,62;10,11;10,43
"2009/01/30";9,79;9,98;10,53
"2009/02/06";9,56;10,06;10,28
"2009/02/13";9,43;9,71;10,05
"2009/02/20";8,94;9,6;9,81
"2009/02/27";9,02;9,5;9,58
"2009/03/06";8,86;9,34;9,65
"2009/03/13";8,59;9,14;9,11
"2009/03/20";8,34;8,87;8,69
"2009/03/27";8,13;8,9;8,94
"2009/04/03";7,68;8,06;8,46
"2009/04/10";7,91;7,78;8,41
"2009/04/17";7,33;7,6;7,51
"2009/04/24";7,15;7,59;7,92
"2009/05/01";6,87;7,46;7,71
"2009/05/08";7,09;7,41;7,71
"2009/05/15";6,58;7,44;8,43
"2009/05/22";6,29;6,91;7,25
"2009/05/29";6,11;6,75;7,21
"2009/06/05";6,1;6,81;6,77
"2009/06/12";5,7;6,46;6,31
"2009/06/19";5,46;6,23;6,21
"2009/06/26";5,54;6,04;6,14
"2009/07/03";5,4;6,07;5,67
"2009/07/10";5,32;5,79;5,74
"2009/07/17";5,19;5,77;5,88
"2009/07/24";5,11;5,6;5,85
"2009/07/31";5,24;5,51;5,78
"2009/08/07";5,06;5,66;5,65
"2009/08/14";5,04;5,54;5,52
"2009/08/21";5,13;5,43;5,37
"2009/08/28";5,1;5,46;5,53
"2009/09/04";5,02;5,45;5,9
"2009/09/11";4,94;5,37;5,31
"2009/09/18";4,99;5,4;5,71
"2009/09/25";4,94;5,25;5,67
"2009/10/02";4,77;5,34;5,64
"2009/10/09";4,75;5,12;5,4
"2009/10/16";4,47;5,02;5,1
"2009/10/23";4,4;5,06;5,35
"2009/10/30";4,45;4,95;5,1
"2009/11/06";4,35;4,88;5
"2009/11/13";4,33;4,95;4,98
"2009/11/20";4,47;4,87;4,91
"2009/11/27";4,47;4,8;5,17
"2009/12/04";4,35;4,65;4,84
"2009/12/11";4,21;4,64;4,82
"2009/12/18";4,25;4,49;4,59
"2009/12/25";4,14;4,37;4,6
"2010/01/01";4,11;4,38;4,9
"2010/01/08";3,92;4,42;4,94
"2010/01/15";4;4,37;4,6
"2010/01/22";3,98;4,46;4,72
"2010/01/29";4,1;4,38;4,77
"2010/02/05";4,1;4,44;4,84
"2010/02/12";4,02;4,38;4,84
"2010/02/19";4,03;4,43;4,84
"2010/02/26";3,96;4,31;4,66
"2010/03/05";4,02;4,29;4,81
"2010/03/12";3,98;4,37;4,75
"2010/03/19";3,89;4,38;4,65
"2010/03/26";3,84;4,25;4,73
"2010/04/02";4,04;4,2;4,61
"2010/04/09";3,9;4,24;4,75
"2010/04/16";3,86;4,22;4,67
"2010/04/23";3,91;4,3;4,59
"2010/04/30";3,89;4,26;4,58
"2010/05/07";4;4,25;4,48
"2010/05/14";3,77;4,08;4,5
"2010/05/21";3,71;4,04;4,55
"2010/05/28";3,62;4;4,62
"2010/06/04";3,55;3,96;4,34
"2010/06/11";3,56;3,98;4,18
"2010/06/18";3,55;3,93;4,39
"2010/06/25";3,58;3,91;4,33
"2010/07/02";3,5;3,9;4,4
"2010/07/09";3,42;3,89;4,17
"2010/07/16";3,52;3,92;4,29
"2010/07/23";3,54;3,88;4,28
"2010/07/30";3,48;3,93;4,22
"2010/08/06";3,55;3,98;4,28
"2010/08/13";3,48;3,89;4,25
"2010/08/20";3,58;4,05;4,26
"2010/08/27";3,45;3,93;4,23
"2010/09/03";3,48;3,89;4,39
"2010/09/10";3,46;3,96;4,17
"2010/09/17";3,52;3,88;4,24
"2010/09/24";3,46;3,91;4,14
"2010/10/01";3,5;3,86;4,25
"2010/10/08";3,39;3,87;4,3
"2010/10/15";3,41;3,88;4,29
"2010/10/22";3,44;3,87;4,22
"2010/10/29";3,43;3,91;4,26
"2010/11/05";3,46;3,85;4,28
"2010/11/12";3,51;3,87;4,25
"2010/11/19";3,49;3,87;4,27
"2010/11/26";3,43;3,87;4,18
"2010/12/03";3,4;3,85;4,12
"2010/12/10";3,46;3,89;4,14
"2010/12/17";3,56;3,9;4,16
"2010/12/24";3,46;3,87;4,21
"2010/12/31";3,47;3,89;4,22
"2011/01/07";3,5;3,89;4,21
"2011/01/14";3,5;3,82;4,2
"2011/01/21";3,53;3,93;4,17
"2011/01/28";3,42;3,93;4,17
"2011/02/04";3,45;3,9;4,28
"2011/02/11";3,47;3,86;4,38
"2011/02/18";3,44;3,88;4,34
"2011/02/25";3,5;3,92;4,16
"2011/03/04";3,42;3,91;4,2
"2011/03/11";3,51;3,99;4,23
"2011/03/18";3,47;3,91;4,62
"2011/03/25";3,59;3,98;4,7
"2011/04/01";3,65;3,97;4,49
"2011/04/08";3,68;4,02;4,41
"2011/04/15";3,71;4,1;4,5
"2011/04/22";3,69;4,04;4,66
"2011/04/29";3,79;4,07;4,54
"2011/05/06";3,74;4,21;4,58
"2011/05/13";3,77;4,24;4,89
"2011/05/20";3,9;4,26;4,9
"2011/05/27";3,93;4,35;4,88
"2011/06/03";3,87;4,37;4,86
"2011/06/10";3,96;4,44;4,92
"2011/06/17";4;4,44;4,15
"2011/06/24";4,01;4,42;5,12
"2011/07/01";4,19;4,5;5,36
"2011/07/08";4,21;4,55;5,41
"2011/07/15";4,03;4,66;5,28
"2011/07/22";4,22;4,45;5,39
"2011/07/29";4,28;4,75;5,46
"2011/08/05";4,29;4,86;5,36
"2011/08/12";4,44;4,62;5,73
"2011/08/19";4,52;4,97;5,66
"2011/08/26";4,51;4,95;5,87
"2011/09/02";4,51;4,82;5,79
"2011/09/09";4,5;4,86;5,73
"2011/09/16";4,53;5,26;5,81
"2011/09/23";4,55;5,29;5,74
"2011/09/30";4,55;5,03;5,7
"2011/10/07";4,75;5,25;5,58
"2011/10/14";4,53;5,14;5,63
"2011/10/21";4,72;5,26;5,91
"2011/10/28";4,9;5,4;5,85
"2011/11/04";4,77;5,3;6
"2011/11/11";4,85;5,36;5,75
"2011/11/18";5,44;5,4;5,88
"2011/11/25";4,85;5,59;5,97
"2011/12/02";4,98;5,4;6,05
"2011/12/09";4,76;5,5;6,17
"2011/12/16";4,9;5,33;6,32
"2011/12/23";5,24;5,54;5,66
"2011/12/30";4,98;5,37;6,13
"2012/01/06";5,22;5,59;6,11
"2012/01/13";5,12;5,52;6
"2012/01/20";5,19;5,45;5,72
"2012/01/27";5,21;5,68;5,97
"2012/02/03";5,13;5,71;5,93
"2012/02/10";4,95;5,74;5,83
"2012/02/17";5,21;5,71;6,04
"2012/02/24";5,33;5,79;6,25
"2012/03/02";5,26;5,65;6,1
"2012/03/09";5,35;5,8;6,09
"2012/03/16";5,31;5,74;6,2
"2012/03/23";5,23;5,93;6,27
"2012/03/30";5,33;5,85;6,33
"2012/04/06";5,5;5,87;6,41
"2012/04/13";5,43;5,99;6,15
"2012/04/20";5,56;5,89;6,24
"2012/04/27";5,45;5,77;6,42
"2012/05/04";5,35;5,9;6,49
"2012/05/11";5,44;5,82;6,28
"2012/05/18";5,43;5,8;6,39
"2012/05/25";5,51;5,97;6,35
"2012/06/01";5,48;5,89;6,19
"2012/06/08";5,41;5,88;6,4
"2012/06/15";5,42;5,91;6,49
"2012/06/22";5,46;5,88;6,45
"2012/06/29";5,43;5,86;6,51
"2012/07/06";5,48;5,77;6,36
"2012/07/13";5,38;5,68;6,14
"2012/07/20";5,54;5,83;6,45
"2012/07/27";5,29;5,97;6,45
"2012/08/03";5,5;5,94;6,44
"2012/08/10";5,39;5,8;6,36
"2012/08/17";5,46;5,79;6,38
"2012/08/24";5,4;5,89;6,37
"2012/08/31";5,42;5,95;6,31
"2012/09/07";5,4;5,78;6,28
"2012/09/14";5,37;5,86;6,31
"2012/09/21";5,37;5,87;6,25
"2012/09/28";5,2;5,78;6,13
"2012/10/05";5,27;5,73;6,12
"2012/10/12";5,31;5,81;6,11
"2012/10/19";5,23;5,82;6,13
"2012/10/26";5,19;5,84;6,15
"2012/11/02";5,29;5,91;6,13
"2012/11/09";5,79;5,74;6,09
"2012/11/16";5,23;5,75;6,01
"2012/11/23";5,26;5,77;6,02
"2012/11/30";5,42;5,65;5,87
"2012/12/07";5,34;5,7;5,92
"2012/12/14";5,15;5,75;6,17
"2012/12/21";5,26;5,69;5,98
"2012/12/28";5,22;5,7;5,99
"2013/01/04";5,27;5,67;5,94
"2013/01/11";5,21;5,64;5,77
"2013/01/18";5,22;5,47;5,61
"2013/01/25";5,07;5,38;5,59
"2013/02/01";5,11;5,32;5,56
"2013/02/08";4,94;5,21;5,46
"2013/02/15";4,85;5,17;5,32
"2013/02/22";4,82;5,08;5,26
"2013/03/01";4,83;5,04;5,12
"2013/03/08";4,78;5,12;5,15
"2013/03/15";4,65;4,86;5,1
"2013/03/22";4,55;4,82;5,03
"2013/03/29";4,55;4,74;4,91
"2013/04/05";4,5;4,56;4,75
"2013/04/12";4,39;4,65;4,69
"2013/04/19";4,25;4,45;4,48
"2013/04/26";4,17;4,54;4,78
"2013/05/03";4,11;4,31;4,47
"2013/05/10";4,07;4,39;4,4
"2013/05/17";3,98;4,33;4,46
"2013/05/24";3,98;4,23;4,38
"2013/05/31";3,96;4,24;4,46
"2013/06/07";4,01;4,29;4,64
"2013/06/14";3,94;4,25;4,43
"2013/06/21";3,91;4,37;4,51
"2013/06/28";3,99;4,3;4,43
"2013/07/05";3,91;4,17;4,44
"2013/07/12";3,98;4,14;4,3
"2013/07/19";3,92;4,07;4,68
"2013/07/26";3,95;4,33;4,32
"2013/08/02";4,06;4,26;4,58
"2013/08/09";4;4,43;4,47
"2013/08/16";4,02;4,2;4,47
"2013/08/23";4,11;4,21;4,52
"2013/08/30";4,04;4,39;4,38
"2013/09/06";4,09;4,35;4,64
"2013/09/13";4,09;4,35;5,24
"2013/09/20";4,09;4,42;4,85
"2013/09/27";4,02;4,41;4,67
"2013/10/04";4,06;4,35;4,84
"2013/10/11";4,07;4,41;4,79
"2013/10/18";3,96;4,39;4,78
"2013/10/25";3,99;4,35;4,79
"2013/11/01";4,06;4,47;4,89
"2013/11/08";4,06;4,51;4,84
"2013/11/15";3,99;4,46;4,78
"2013/11/22";4,06;4,44;5,18
"2013/11/29";4,05;4,38;4,78
"2013/12/06";4,01;4,47;5,11
"2013/12/13";4,04;4,41;4,84
"2013/12/20";4,06;4,44;4,69
"2013/12/27";4,04;4,45;4,9
"2014/01/03";4,07;4,37;4,68
"2014/01/10";4,07;4,36;4,73
"2014/01/17";4,06;4,32;4,77
"2014/01/24";4;4,38;4,74
"2014/01/31";4,03;4,32;4,69
"2014/02/07";4,04;4,34;4,67
"2014/02/14";3,94;4,29;4,71
"2014/02/21";3,96;4,35;4,65
"2014/02/28";3,97;4,26;4,6
"2014/03/07";3,95;4,3;4,56
"2014/03/14";3,97;4,32;4,6
"2014/03/21";3,91;4,25;4,52
"2014/03/28";3,85;4,21;4,67
"2014/04/04";3,88;4,18;4,62
"2014/04/11";3,86;4,21;4,37
"2014/04/18";3,81;4,16;4,63
"2014/04/25";3,78;4,11;4,39
"2014/05/02";3,78;4,19;4,41
"2014/05/09";3,82;4,19;4,52
"2014/05/16";3,69;4,13;4,69
"2014/05/23";3,81;4,18;4,48
"2014/05/30";3,81;4,11;4,46
"2014/06/06";3,87;4,17;4,57
"2014/06/13";3,81;4,19;4,56
"2014/06/20";3,85;4,22;4,52
"2014/06/27";3,95;4,22;4,61
"2014/07/04";4,01;4,15;4,64
"2014/07/11";4,07;4,25;4,77
"2014/07/18";4,1;4,32;4,76
"2014/07/25";4,04;4,34;4,97
"2014/08/01";4,06;4,4;4,91
"2014/08/08";4,06;4,45;4,86
"2014/08/15";3,92;4,44;4,66
"2014/08/22";4,03;4,47;4,91
"2014/08/29";4,09;4,37;4,79
"2014/09/05";4,07;4,38;4,95
"2014/09/12";4,05;4,47;4,81
"2014/09/19";4,19;4,46;4,81
"2014/09/26";4,24;4,59;5,03
"2014/10/03";4,35;4,46;4,99
"2014/10/10";4,4;4,51;4,92
"2014/10/17";4,25;4,53;4,86
"2014/10/24";4,23;4,59;4,82
"2014/10/31";4,41;4,6;4,88
"2014/11/07";4,32;4,56;5,08
"2014/11/14";4,19;4,56;4,82
"2014/11/21";4,41;4,54;4,93
"2014/11/28";4,37;4,49;5,01
"2014/12/05";4,42;4,59;4,96
"2014/12/12";4,32;4,61;4,88
"2014/12/19";4,3;4,57;4,89
"2014/12/26";4,4;4,54;5,13
"2015/01/02";4,34;4,52;4,72
"2015/01/09";4,32;4,36;5,06
"2015/01/16";4,42;4,53;4,76
"2015/01/23";4,5;4,67;5,08
"2015/01/30";4,53;4,56;5,04
"2015/02/06";4,42;4,55;5,07
"2015/02/13";4,4;4,55;5,02
"2015/02/20";4,48;4,76;4,95
"2015/02/27";4,41;4,72;5,03
"2015/03/06";4,5;4,71;5,1
"2015/03/13";4,42;4,74;5,1
"2015/03/20";4,42;4,66;4,87
"2015/03/27";4,46;4,59;5
"2015/04/03";4,36;4,63;4,76
"2015/04/10";4,39;4,62;4,99
"2015/04/17";4,46;4,74;5,03
"2015/04/24";4,48;4,66;5,04
"2015/05/01";4,6;4,75;5,01
"2015/05/08";4,5;4,75;5,15
"2015/05/15";4,34;4,74;5,14
"2015/05/22";4,47;4,67;5,1
"2015/05/29";4,4;4,75;4,87
"2015/06/05";4,48;4,78;5,12
"2015/06/12";4,42;4,66;5,11
"2015/06/19";4,39;4,79;5,14
"2015/06/26";4,48;4,77;5,05
"2015/07/03";4,28;4,69;5,06
"2015/07/10";4,36;4,54;5,12
"2015/07/17";4,54;4,58;5,1
"2015/07/24";4,54;4,7;5,07
"2015/07/31";4,58;4,86;5,05
"2015/08/07";4,5;4,73;5
"2015/08/14";4,33;4,76;5,03
"2015/08/21";4,54;4,68;5,29
"2015/08/28";4,4;4,7;5,37
"2015/09/04";4,55;4,64;5,3
"2015/09/11";4,36;4,77;5,39
"2015/09/18";4,45;4,95;5,11
"2015/09/25";4,46;4,87;5,77
"2015/10/02";4,39;4,8;5,91
"2015/10/09";4,27;4,92;5,88
"2015/10/16";4,45;5,08;5,81
"2015/10/23";4,46;5,55;6,76
"2015/10/30";5,08;5,28;6,48
"2015/11/06";4,75;5,59;6,58
"2015/11/13";4,61;5,54;5,98
"2015/11/20";4,98;6,03;6,49
"2015/11/27";4,91;5,58;6,02
"2015/12/04";5,01;5,81;6,54
"2015/12/11";5,11;5,92;6,86
"2015/12/18";5,16;5,89;6,31
"2015/12/25";5,37;6,17;7,42
"2016/01/01";5,22;6,05;6,24
"2016/01/08";5,21;5,58;6,29
"2016/01/15";5,35;5,71;7,89
"2016/01/22";5,32;6,42;7,65
"2016/01/29";6,08;6,26;7,49
"2016/02/05";5,87;6,44;7,69
"2016/02/12";5,92;6,18;7,9
"2016/02/19";6,18;6,88;7,66
"2016/02/26";6,36;6,8;7,98
"2016/03/04";6,43;7,01;8,26
"2016/03/11";6,28;6,89;8,16
"2016/03/18";6,17;6,79;8,09
"2016/03/25";6,36;6,89;7,85
"2016/04/01";6,37;6,53;7,83
"2016/04/08";6,48;6,98;8,05
"2016/04/15";6,47;7,2;8,08
"2016/04/22";6,49;6,99;8,13
"2016/04/29";6,97;6,97;8,21
"2016/05/06";6,54;7,03;8,23
"2016/05/13";6,52;7,15;8,45
"2016/05/20";6,74;7,38;8,49
"2016/05/27";7,01;7,13;8,29
"2016/06/03";6,97;7,42;8,44
"2016/06/10";6,99;7,21;8,6
"2016/06/17";6,73;7,42;8,32
"2016/06/24";6,95;7,31;8,46
"2016/07/01";6,93;7,15;8,52
"2016/07/08";6,83;7,17;8,56
"2016/07/15";7,07;6,96;8,53
"2016/07/22";7,01;7,21;8,75
"2016/07/29";7,59;7,25;8,73
"2016/08/05";7,29;7,13;8,81
"2016/08/12";7,22;7,22;8,74
"2016/08/19";7,13;7,43;8,71
"2016/08/26";7,23;7,38;8,58
"2016/09/02";7,24;7,59;8,77
"2016/09/09";7,22;7,39;8,69
"2016/09/16";7,21;7,61;8,55
"2016/09/23";7,04;7,27;8,39
"2016/09/30";7,13;7,19;8,27
"2016/10/07";7,24;7,28;8,14
"2016/10/14";7,07;7,5;8,2
"2016/10/21";6,93;7,3;7,95
"2016/10/28";6,99;7,24;8,18
"2016/11/04";7,36;7,28;8
"2016/11/11";6,93;7,06;7,9
"2016/11/18";7,06;7,42;7,85
"2016/11/25";7,05;7,3;8,19
"2016/12/02";7;7,11;8,04
"2016/12/09";6,98;7,21;8,2
"2016/12/16";7,03;7,38;7,66
"2016/12/23";6,94;7,47;8,11
"2016/12/30";6,86;7,51;8,01
"2017/01/06";6,86;7,39;7,81
"2017/01/13";6,82;6,84;7,67
"2017/01/20";6,84;7,06;7,66
"2017/01/27";6,81;7,15;7,89
"2017/02/03";7,12;7,07;7,6
"2017/02/10";6,91;7,14;7,91
"2017/02/17";6,81;7,13;7,76
"2017/02/24";6,72;7,15;7,6
"2017/03/03";6,78;6,94;7,65
"2017/03/10";6,83;6,98;7,49
"2017/03/17";6,57;6,84;7,49
"2017/03/24";6,71;6,95;7,27
"2017/03/31";6,65;6,9;7,37
"2017/04/07";6,58;6,96;7,29
"2017/04/14";6,49;6,74;7,29
"2017/04/21";6,43;6,62;7,06
"2017/04/28";6,48;6,7;7,08
"2017/05/05";6,65;6,67;7,06
"2017/05/12";6,37;6,65;6,75
"2017/05/19";6,08;6,3;6,67
"2017/05/26";6,17;6,45;6,53
"2017/06/02";6,11;6,35;6,59
"2017/06/09";6,05;6,2;6,67
"2017/06/16";5,99;6,23;6,52
"2017/06/23";5,97;6,18;6,71
"2017/06/30";5,95;6,04;6,65
"2017/07/07";5,88;6,08;6,61
"2017/07/14";5,78;5,89;6,42
"2017/07/21";5,6;5,75;6,25
"2017/07/28";5,6;5,84;6,26
"2017/08/04";5,7;5,76;6,11
"2017/08/11";5,56;5,77;5,96
"2017/08/18";5,53;5,69;6,37
"2017/08/25";5,56;5,83;6,18
"2017/09/01";5,55;5,68;6,27
"2017/09/08";5,64;5,79;6,31
"2017/09/15";5,58;5,73;6,4
"2017/09/22";5,52;5,83;6,44
"2017/09/29";5,52;5,75;6,27
"2017/10/06";5,48;5,66;6,31
"2017/10/13";5,4;5,68;6,29
"2017/10/20";5,32;5,66;6,17
"2017/10/27";5,46;5,69;6,37
"2017/11/03";5,66;5,78;6,24
"2017/11/10";5,41;5,69;6,28
"2017/11/17";5,32;5,68;6,09
"2017/11/24";5,35;5,71;6,09
"2017/12/01";5,31;5,74;6,08
"2017/12/08";5,31;5,59;6,04
"2017/12/15";5,34;5,48;6,08
"2017/12/22";5,28;5,48;5,9
"2017/12/29";5,21;5,33;5,91
"2018/01/05";5,29;5,5;5,83
"2018/01/12";5,21;5,42;5,75
"2018/01/19";5,17;5,45;5,7
"2018/01/26";5,21;5,4;5,79
"2018/02/02";5,28;5,42;5,85
"2018/02/09";5,1;5,33;5,92
"2018/02/16";5,14;5,32;5,8
"2018/02/23";5;5,33;5,71
"2018/03/02";5,1;5,34;5,62
"2018/03/09";5,1;5,35;5,81
"2018/03/16";4,99;5,27;5,75
"2018/03/23";4,99;5,23;5,65
"2018/03/30";5;5,24;5,63
"2018/04/06";4,89;5,23;5,53
"2018/04/13";4,94;5,25;5,55
"2018/04/20";4,91;5,17;5,5
"2018/04/27";4,88;5,18;5,3
"2018/05/04";4,92;5,12;5,36
"2018/05/11";4,85;5,05;5,33
"2018/05/18";4,69;5,01;5,32
"2018/05/25";4,7;4,98;5,2
"2018/06/01";4,65;5;5,18
"2018/06/08";4,68;4,89;5,33
"2018/06/15";4,6;4,82;5,21
"2018/06/22";4,57;4,83;5,18
"2018/06/29";4,56;4,95;5,26
"2018/07/06";4,66;4,89;5,14
"2018/07/13";4,6;4,73;5,15
"2018/07/20";4,52;4,73;5,25
"2018/07/27";4,59;4,74;5,22
"2018/08/03";4,58;4,72;5,22
"2018/08/10";4,56;4,71;5,11
"2018/08/17";4,51;4,68;5,24
"2018/08/24";4,54;4,71;5,22
"2018/08/31";4,5;4,7;5,14
"2018/09/07";4,54;4,77;5,11
"2018/09/14";4,59;4,75;5,28
"2018/09/21";4,51;4,74;5,16
"2018/09/28";4,51;4,73;5,19
"2018/10/05";4,48;4,74;5,07
"2018/10/12";4,56;4,72;5,12
"2018/10/19";4,38;4,69;5,12
"2018/10/26";4,42;4,68;5,05
"2018/11/02";4,41;4,73;5,08
"2018/11/09";4,41;4,82;5,11
"2018/11/16";4,35;4,68;5,18
"2018/11/23";4,47;4,69;5,12
"2018/11/30";4,42;4,7;5,1
"2018/12/07";4,43;4,81;5,24
"2018/12/14";4,54;4,73;5,24
"2018/12/21";4,55;4,86;5,31
"2018/12/28";4,51;4,81;5,41
"2019/01/04";4,54;4,84;5,16
"2019/01/11";4,56;4,89;5,45
"2019/01/18";4,51;4,85;5,33
"2019/01/25";4,56;4,8;5,55
"2019/02/01";4,62;4,84;5,56
"2019/02/08";4,54;4,84;5,59
"2019/02/15";4,5;4,79;5,57
"2019/02/22";4,54;4,91;5,61
"2019/03/01";4,57;4,86;5,64
"2019/03/08";4,63;4,92;5,62
"2019/03/15";4,64;4,89;5,57
"2019/03/22";4,49;4,87;5,57
"2019/03/29";4,51;4,9;5,53
"2019/04/05";4,59;4,82;5,52
"2019/04/12";4,49;4,85;5,45
"2019/04/19";4,52;4,8;5,46
"2019/04/26";4,55;4,76;5,41
"2019/05/03";4,54;4,85;5,44
"2019/05/10";4,48;4,8;5,46
"2019/05/17";4,52;4,76;5,41
"2019/05/24";4,52;4,8;5,46
"2019/05/31";4,47;4,86;5,42
"2019/06/07";4,5;4,84;5,37
"2019/06/14";4,6;4,81;5,39
"2019/06/21";4,49;4,8;5,42
"2019/06/28";4,4;4,76;5,35
"2019/07/05";4,53;4,72;5,3
"2019/07/12";4,44;4,74;5,28
"2019/07/19";4,4;4,66;5,25
"2019/07/26";4,43;4,68;5,25
"2019/08/02";4,51;4,73;5,26
"2019/08/09";4,52;4,67;5,23
"2019/08/16";4,45;4,72;5,24
"2019/08/23";4,44;4,68;5,26
"2019/08/30";4,4;4,7;5,25
"2019/09/06";4,45;4,69;5,33
"2019/09/13";4,51;4,72;5,31
"2019/09/20";4,51;4,77;5,31
"2019/09/27";4,4;4,73;5,22
"2019/10/04";4,51;4,73;5,19
"2019/10/11";4,44;4,69;5,21
"2019/10/18";4,37;4,63;5,27
"2019/10/25";4,38;4,65;5,18
"2019/11/01";4,46;4,74;5,26
"2019/11/08";4,39;4,68;5,28
"2019/11/15";4,32;4,73;5,33
"2019/11/22";4,43;4,75;5,35
"2019/11/29";4,49;4,7;5,33
"2019/12/06";4,46;4,74;5,28
"2019/12/13";4,64;4,77;5,42
"2019/12/20";4,46;4,76;5,49
"2019/12/27";4,46;4,71;5,33
"2020/01/03";4,48;4,68;5,44
"2020/01/10";4,49;4,73;5,42
"2020/01/17";4,5;4,75;5,34
"2020/01/24";4,43;4,76;5,42
"2020/01/31";4,62;4,75;5,46
"2020/02/07";4,58;4,79;5,42
"2020/02/14";4,43;4,7;5,41
"2020/02/21";4,49;4,7;5,31
"2020/02/28";4,45;4,67;5,26
"2020/03/06";4,43;4,62;5,27
"2020/03/13";4,56;4,79;5,3
"2020/03/20";4,46;4,69;5,27
"2020/03/27";4,5;4,73;5,28
"2020/04/03";4,59;4,68;5,45
"2020/04/10";4,42;4,71;5,31
"2020/04/17";4,43;4,77;5,24
"2020/04/24";4,52;4,65;5,32
"2020/05/01";4,66;4,76;5,36
"2020/05/08";4,53;4,69;5,48
"2020/05/15";4,44;4,69;5,38
"2020/05/22";4,36;4,81;5,16
"2020/05/29";4,25;4,54;5,09
"2020/06/05";4,17;4,52;4,84
"2020/06/12";3,95;4;4,28
"2020/06/19";3,83;4,19;4,2
"2020/06/26";3,76;4,15;4,51
"2020/07/03";3,71;4,04;4,39
"2020/07/10";3,6;3,99;4,38
"2020/07/17";3,46;3,92;4,16
"2020/07/24";3,38;3,87;4,29
"2020/07/31";3,29;3,75;3,99
"2020/08/07";3,14;3,54;3,99
"2020/08/14";3;3,44;3,77
"2020/08/21";2,93;3,26;3,61
"2020/08/28";2,7;3,15;3,31
"2020/09/04";2,64;3,14;3,43
"2020/09/11";2,65;2,95;3,24
"2020/09/18";2,5;2,98;3,21
"2020/09/25";2,39;2,8;3,15
"2020/10/02";2,32;2,66;2,93
"2020/10/09";2,14;2,68;3,3
"2020/10/16";2,09;2,53;3,08
"2020/10/23";2,04;2,48;2,89
"2020/10/30";1,98;2,42;2,94
"2020/11/06";2,01;2,47;3,03
"2020/11/13";1,97;2,44;3,05
"2020/11/20";1,98;2,44;2,92
"2020/11/27";1,97;2,28;2,86
"2020/12/04";1,96;2,33;2,87
"2020/12/11";1,95;2,43;2,71
"2020/12/18";1,94;2,35;2,81
"2020/12/25";1,94;2,3;2,68
"2021/01/01";1,89;2,28;2,95
"2021/01/08";1,9;2,32;3,04
"2021/01/15";1,87;2,19;2,78
"2021/01/22";1,92;2,31;2,53
"2021/01/29";1,93;2,2;2,64
"2021/02/05";1,91;2,23;2,52
"2021/02/12";1,83;2,24;2,55
"2021/02/19";1,81;2,23;2,36
"2021/02/26";1,81;1,91;2,33
"2021/03/05";1,77;2,12;2,59
"2021/03/12";1,89;2,16;2,62
"2021/03/19";1,74;2,12;2,55
"2021/03/26";1,77;2,1;2,24
"2021/04/02";1,73;2,12;2,58
"2021/04/09";1,74;2,16;2,51
"2021/04/16";1,7;2,09;2,67
"2021/04/23";1,76;2,1;2,61
"2021/04/30";1,78;2,04;2,74
"2021/05/07";1,8;2,17;2,77
"2021/05/14";1,79;2,09;2,62
"2021/05/21";1,75;2,14;2,71
"2021/05/28";1,87;2,11;3
"2021/06/04";1,89;2,13;3,01
"2021/06/11";1,88;2,18;2,99
"2021/06/18";1,93;2,15;3,04
"2021/06/25";1,92;2,16;3,03
"2021/07/02";1,91;2,18;3,25
"2021/07/09";1,85;2,16;3,41
"2021/07/16";1,89;2,14;3,15
"2021/07/23";1,91;2,17;3,28
"2021/07/30";1,91;2,2;3,32
"2021/08/06";1,98;2,28;3,14
"2021/08/13";1,86;2,21;2,89
"2021/08/20";1,96;2,34;3,13
"2021/08/27";2,03;2,27;3,1
"2021/09/03";2,02;2,38;2,88
"2021/09/10";2,05;2,44;3,05
"2021/09/17";2,03;2,44;2,9
"2021/09/24";2,05;2,45;3,26
"2021/10/01";2,06;2,38;3,49
"2021/10/08";2,04;2,48;3,34
"2021/10/15";2,02;2,56;3,53
"2021/10/22";2,15;2,61;3,64
"2021/10/29";2,22;2,79;3,85
"2021/11/05";2,38;2,83;3,91
"2021/11/12";2,44;2,88;4,59
"2021/11/19";2,62;2,97;4,44
"2021/11/26";2,65;3,27;4,65
"2021/12/03";2,77;3,38;4,48
"2021/12/10";2,8;3,26;4,82
"2021/12/17";2,83;3,38;4,96
"2021/12/24";3,04;3,82;5,11
"2021/12/31";3,21;3,82;5,32
"2022/01/07";3,22;3,77;5,07
"2022/01/14";3,3;3,7;5,04
"2022/01/21";3,52;4,13;5,16
"2022/01/28";3,35;4,18;5,47
"2022/02/04";3,54;4,14;5,38
"2022/02/11";3,74;4,3;5,78
"2022/02/18";4;4,47;6,03
"2022/02/25";4,06;4,67;6,05
"2022/03/04";4,4;4,82;6,52
"2022/03/11";4,86;5,03;6,6
"2022/03/18";4,52;5,32;7,43
"2022/03/25";5,12;5,74;7,74
"2022/04/01";5,15;5,76;7,82
"2022/04/08";5,28;6,16;7,95
"2022/04/15";5,58;6,26;8,72
"2022/04/22";5,71;6,43;8,61
"2022/04/29";5,9;6,64;8,91
"2022/05/06";6,36;7,04;8,94
"2022/05/13";6,52;7,48;9,33
"2022/05/20";6,86;7,38;9,13
"2022/05/27";7,01;7,68;9,87
"2022/06/03";7,4;7,82;10,42
"2022/06/10";7,66;7,85;10,1
"2022/06/17";7,45;8,15;10,49
"2022/06/24";7,49;8,44;11,04
"2022/07/01";7,82;8,69;10,71
"2022/07/08";8,02;8,69;11,29
"2022/07/15";8,49;9,06;11,96
"2022/07/22";8,75;9,44;12,46
"2022/07/29";9,28;9,84;12,26
"2022/08/05";10,01;10,44;13,11
"2022/08/12";10,22;10,71;14,17
"2022/08/19";10,48;11,2;14,68
"2022/08/26";10,43;11;14,25
"2022/09/02";10,92;11,24;13,8
"2022/09/09";10,84;11,48;13,83
"2022/09/16";11,15;11,96;14,91
"2022/09/23";10,69;12,11;14,51
"2022/09/30";10,9;12,7;15,24
"2022/10/07";11,08;13;14,74
"2022/10/14";11,05;13,03;14,67
"2022/10/21";11,23;13,49;15,16
"2022/10/28";11,39;13,72;15,09
"2022/11/04";12,37;14,01;15,47
"2022/11/11";11,93;14,33;15,12
"2022/11/18";12,71;14,5;15,98
"2022/11/25";12,59;14,27;17,2
"2022/12/02";12,86;14,49;16,96
"2022/12/09";13,02;15,22;16,73
"2022/12/16";13,09;15,48;17,4
"2022/12/23";12,97;15,79;17,42
"2022/12/30";13,7;15,88;17,27
"2023/01/06";13,72;15,62;16,52
"2023/01/13";13,77;15,86;17,22
"2023/01/20";13,6;17,17;18,03
"2023/01/27";13,88;16,63;18,24
"2023/02/03";14,24;15,74;18,04
"2023/02/10";13,89;16,26;17,9
"2023/02/17";14,81;16,76;17,85
"2023/02/24";14,34;15,95;17,4
"2023/03/03";14,3;15,39;17,05
"2023/03/10";14,44;15,24;16,2
"2023/03/17";13,49;14,27;14,62
"2023/03/24";13,2;14,08;14,48
"2023/03/31";13;13,7;14,05
"2023/04/07";12,72;13,52;13,97
"2023/04/14";12,29;13,11;13,5
"2023/04/21";12,41;13,04;13,38
"2023/04/28";12,34;13,01;13,79
"2023/05/05";12,9;13,2;13,67
"2023/05/12";12,41;12,88;13,69
"2023/05/19";12,65;13,12;13,81
"2023/05/26";12,34;13,17;14,11
"2023/06/02";12,65;12,98;14,14
"2023/06/09";12,78;13,15;14,14
"2023/06/16";13,01;13,36;14,35
"2023/06/23";13,04;13,39;14,14
"2023/06/30";13;13,4;14,1
"2023/07/07";12,91;13,34;14,25
"2023/07/14";13,32;13,63;14,28
"2023/07/21";13,57;13,4;14,27
"2023/07/28";13,5;13,63;14,54
"2023/08/04";13,87;13,49;14,69
"2023/08/11";13,4;13,7;15,3
"2023/08/18";13,77;13,88;15,35
"2023/08/25";13,85;14,07;15,28
"2023/09/01";13,63;14,23;15,27
"2023/09/08";13,69;14,14;15,06
"2023/09/15";13,48;14,01;14,04
"2023/09/22";13,08;13,51;13,7
"2023/09/29";13,01;13,27;13,55
"2023/10/06";12,71;13,24;13,45
"2023/10/13";12,8;13,2;13,87
"2023/10/20";13,02;13,3;13,59
"2023/10/27";13,02;13,43;14,15
"2023/11/03";13,43;14,08;14,55
"2023/11/10";13,03;13,43;14,56
"2023/11/17";12,86;13,35;14,16
"2023/11/24";12,72;13,11;13,74
"2023/12/01";12,66;13,13;13,81
"2023/12/08";12,64;12,94;13,67
"2023/12/15";12,84;13,08;13,75
"2023/12/22";12,68;12,97;13,55
"2023/12/29";12,69;12,9;12,69
"2024/01/05";12,35;12,7;12,48
"2024/01/12";12,01;12,27;11,73
"2024/01/19";11,86;12,02;11,86
"2024/01/26";11,59;11,79;11,59
"2024/02/02";11,44;11,61;11,49
"2024/02/09";11,3;11,34;11,62
"2024/02/16";11,09;11,25;11,68
"2024/02/23";11,12;11,38;12,26
"2024/03/01";11,03;11,12;11,24
"2024/03/08";11,08;11,12;11,52
"2024/03/15";10,88;11,03;10,79
"2024/03/22";10,88;10,9;11,12
"2024/03/29";10,94;10,79;10,53
"2024/04/05";10,6;10,75;10,81
"2024/04/12";10,66;10,66;10,4
"2024/04/19";10,55;10,59;10,48
"2024/04/26";10,49;10,9;10,57
"2024/05/03";10,6;10,51;10,85
"2024/05/10";10,42;10,75;10,89
"2024/05/17";10,26;10,49;10,65
"2024/05/24";10,23;10,44;10,57
"2024/05/31";10,24;10,46;10,54
"2024/06/07";10,23;10,23;10,51
"2024/06/14";10,09;10,28;10,69
"2024/06/21";10,16;10,29;10,72
"2024/06/28";10,13;10,38;10,62
"2024/07/05";10,16;10,32;10,64
"2024/07/12";10,21;10,22;10,88
"2024/07/19";10,08;10,15;10,81
"2024/07/26";10,07;10,18;10,63
"2024/08/02";10,05;10,17;10,73
"2024/08/09";10,03;10,18;10,6
"2024/08/16";9,91;10,03;10,3
"2024/08/23";9,95;10,04;10,23
"2024/08/30";9,83;10;10,33
"2024/09/06";9,88;10,08;10,09
"2024/09/13";9,85;9,99;9,94
"2024/09/20";9,72;9,98;9,81
"2024/09/27";9,63;9,96;9,84
"2024/10/04";9,57;9,84;9,87
"2024/10/11";9,54;9,87;9,89
"2024/10/18";9,46;9,8;9,67
"2024/10/25";9,45;9,56;9,63
"2024/11/01";9,4;9,53;9,77
"2024/11/08";9,47;9,47;9,83
"2024/11/15";9,37;9,53;9,81
"2024/11/22";9,22;9,46;10,01
"2024/11/29";9,28;9,37;9,87
"2024/12/06";9,2;9,32;9,78
"2024/12/13";9,21;9,44;9,79
"2024/12/20";9,22;9,48;9,77
"2024/12/27";9,2;9,44;9,78
"2025/01/03";9,25;9,47;9,69
"2025/01/10";9,21;9,32;9,32
"2025/01/17";9,2;9,38;9,79
"2025/01/24";9,21;9,29;9,76
"2025/01/31";9,22;9,28;10,15
"2025/02/07";9,24;9,49;9,8
"2025/02/14";9,25;9,44;10,28
"2025/02/21";9,27;9,3;9,97
"2025/02/28";9,2;9,32;10,08
"2025/03/07";9,24;9,33;10,06
"2025/03/14";9,41;9,42;9,93
"2025/03/21";9,24;9,32;9,9
"2025/03/28";9,19;9,26;9,89
"2025/04/04";9,16;9,18;9,92
"2025/04/11";9,2;9,07;9,94
"2025/04/18";9,15;9,28;9,86
"2025/04/25";9,24;9,3;9,74
"2025/05/02";9,11;9,22;9,64
"2025/05/09";9,15;9,26;9,73
"2025/05/16";9,02;9,17;9,72
"2025/05/23";8,92;9,12;9,92
"2025/05/30";8,94;9,11;9,5
"2025/06/06";8,86;9,1;9,63
"2025/06/13";8,94;9,11;9,42
"2025/06/20";8,92;9,12;9,5
"2025/06/27";8,96;9,16;9,57
"2025/07/04";8,9;9,13;9,53
"2025/07/11";9,02;9,02;9,49
"2025/07/18";8,92;8,99;9,7
"2025/07/25";8,93;9,04;9,66
"2025/08/01";8,93;9,09;9,55
"2025/08/08";8,87;9,05;9,49
"2025/08/15";8,82;8,97;9,75
"2025/08/22";8,76;8,98;9,37
"2025/08/29";8,8;8,94;9,41
"2025/09/05";8,75;8,85;9,45
"2025/09/12";8,75;8,82;9,36
"2025/09/19";8,78;8,84;9,36
"2025/09/26";8,76;8,78;9,36
"2025/10/03";8,75;8,89;9,43
"2025/10/10";8,75;8,91;9,45
"2025/10/17";8,67;8,87;9,49
"2025/10/24";8,65;8,81;9,57
"2025/10/31";8,63;8,81;9,69
"2025/11/07";8,7;8,83;9,73
"2025/11/14";8,63;8,9;9,76
"2025/11/21";8,68;8,98;9,89
"2025/11/28";8,65;8,9;9,61
"2025/12/05";8,65;8,91;9,94
"2025/12/12";8,8;9,06;10,06
"2025/12/19";8,86;9,06;9,89
"2025/12/26";9;9,18;9,95
"2026/01/02";9,09;9,23;10,03
"2026/01/09";8,98;9,12;9,59
"2026/01/16";8,89;9,07;10,36
"2026/01/23";8,95;9,41;10,55
"2026/01/30";9,02;9,68;10,61
"2026/02/06";9,15;9,83;11,13
"2026/02/13";9,28;10,17;11,14
"2026/02/20";9,45;10,63;12,15
"2026/02/27";9,59;10,26;12,24
"2026/03/06";9,7;10,44;12,25
"2026/03/13";9,79;10,31;11,78
"2026/03/20";9,82;10,39;12,11
"2026/03/27";9,87;10,73;12,03
"2026/04/03";9,95;10,62;12,41
"2026/04/10";9,75;10,5;12,41
"2026/04/17";10,01;10,56;12,43
"2026/04/24";10,1;10,5;12,9
"2026/05/01";10,14;10,55;12,6
"2026/05/08";10,22;10,36;12,2